{
    "background":0.000436,
    "seaclutter":0.008692,
    "target":0.990872
}